{
  "com.liferay.client.extension.type.configuration.CETConfiguration~liferay-commerceminium4-global-css" : {
    ":configurator:policy" : "force",
    "baseURL" : "${portalURL}/o/liferay-commerceminium4-global-css",
    "buildTimestamp" : 1762090281572,
    "description" : "",
    "dxp.lxc.liferay.com.virtualInstanceId" : "default",
    "name" : "Liferay Commerce Minium 4 Global CSS",
    "projectId" : "liferaycommerceminium4globalcss",
    "projectName" : "liferay-commerceminium4-global-css",
    "properties" : [ ],
    "sourceCodeURL" : "",
    "type" : "globalCSS",
    "typeSettings" : [ "url=global.css" ],
    "webContextPath" : "/liferay-commerceminium4-global-css"
  }
}