{
  "com.liferay.oauth2.provider.configuration.OAuth2ProviderApplicationUserAgentConfiguration~clarity-distributor-mgmt-action-oauth-application-user-agent" : {
    ".serviceAddress" : "localhost:58081",
    ".serviceScheme" : "http",
    ":configurator:policy" : "force",
    "baseURL" : "${portalURL}/o/clarity-distributor-mgmt-action",
    "buildTimestamp" : 1747005534500,
    "description" : "",
    "dxp.lxc.liferay.com.virtualInstanceId" : "default",
    "homePageURL" : "$[conf:.serviceScheme]://$[conf:.serviceAddress]",
    "name" : "Clarity Distributor Mgmt Action OAuth Application User Agent",
    "projectId" : "claritydistributormgmtaction",
    "projectName" : "clarity-distributor-mgmt-action",
    "properties" : [ ],
    "scopes" : [ "Liferay.Headless.Admin.User.everything", "Liferay.Headless.Admin.Workflow.everything" ],
    "sourceCodeURL" : "",
    "type" : "oAuthApplicationUserAgent",
    "typeSettings" : [ ".serviceAddress=localhost:58081", ".serviceScheme=http", "scopes=Liferay.Headless.Admin.User.everything\nLiferay.Headless.Admin.Workflow.everything" ],
    "webContextPath" : "/clarity-distributor-mgmt-action"
  },
  "com.liferay.object.internal.configuration.FunctionObjectActionExecutorImplConfiguration~clarity-distributor-mgmt-object-action" : {
    ":configurator:policy" : "force",
    "baseURL" : "${portalURL}/o/clarity-distributor-mgmt-action",
    "buildTimestamp" : 1747005534500,
    "description" : "",
    "dxp.lxc.liferay.com.virtualInstanceId" : "default",
    "name" : "Clarity Distributor Mgmt Object Action Account",
    "oAuth2ApplicationExternalReferenceCode" : "clarity-distributor-mgmt-action-oauth-application-user-agent",
    "projectId" : "claritydistributormgmtaction",
    "projectName" : "clarity-distributor-mgmt-action",
    "properties" : [ ],
    "resourcePath" : "/object/action/account",
    "sourceCodeURL" : "",
    "type" : "objectAction",
    "typeSettings" : [ "oAuth2ApplicationExternalReferenceCode=clarity-distributor-mgmt-action-oauth-application-user-agent", "resourcePath=/object/action/account" ],
    "webContextPath" : "/clarity-distributor-mgmt-action"
  },
  "com.liferay.portal.workflow.kaleo.runtime.internal.configuration.FunctionActionExecutorImplConfiguration~clarity-distributor-mgmt-workflow-action-application" : {
    ":configurator:policy" : "force",
    "baseURL" : "${portalURL}/o/clarity-distributor-mgmt-action",
    "buildTimestamp" : 1747005534500,
    "description" : "",
    "dxp.lxc.liferay.com.virtualInstanceId" : "default",
    "name" : "Clarity Distributor Mgmt Workflow Action Application",
    "oAuth2ApplicationExternalReferenceCode" : "clarity-distributor-mgmt-action-oauth-application-user-agent",
    "projectId" : "claritydistributormgmtaction",
    "projectName" : "clarity-distributor-mgmt-action",
    "properties" : [ ],
    "resourcePath" : "/workflow/action/application",
    "sourceCodeURL" : "",
    "type" : "workflowAction",
    "typeSettings" : [ "oAuth2ApplicationExternalReferenceCode=clarity-distributor-mgmt-action-oauth-application-user-agent", "resourcePath=/workflow/action/application" ],
    "webContextPath" : "/clarity-distributor-mgmt-action"
  }
}