{
  "com.liferay.client.extension.type.configuration.CETConfiguration~liferay-commerceminium4-js-import-maps-entry" : {
    ":configurator:policy" : "force",
    "baseURL" : "${portalURL}/o/liferay-commerceminium4-js-import-maps-entry",
    "buildTimestamp" : 1762090293671,
    "description" : "",
    "dxp.lxc.liferay.com.virtualInstanceId" : "default",
    "name" : "Liferay Commerce Minium 4 JS Import Maps Entry",
    "projectId" : "liferaycommerceminium4jsimportmapsentry",
    "projectName" : "liferay-commerceminium4-js-import-maps-entry",
    "properties" : [ ],
    "sourceCodeURL" : "",
    "type" : "jsImportMapsEntry",
    "typeSettings" : [ "bareSpecifier=minium-primary-navigation", "useESM=true", "url=index.js" ],
    "webContextPath" : "/liferay-commerceminium4-js-import-maps-entry"
  }
}